arquetipo;perfil_tecnologico;conversas;pct_resolvido_bot;pct_negativo;csat_medio;media_turnos
Expat Digital;alto;9969;25.0;26.3;3.73;11.0
Nao Residente Senior;baixo;6523;23.3;26.3;3.76;11.7
Nacional Pratico;medio;3591;28.0;25.4;3.75;11.3
Nacional Jovem Digital;alto;3353;28.0;25.0;3.84;10.8
Expat Code-Switcher;alto;3108;25.2;26.5;3.71;11.0
Alta Renda/Private;medio;3100;25.0;24.6;3.76;11.8
Risco de Churn;medio;3001;24.7;33.0;3.65;10.9
Formal/Premium;medio;2272;26.8;25.8;3.73;11.5
Empresario PJ;medio;1083;19.8;27.4;3.59;12.0
