area;escaladas;desistiu_na_fila;atendidas;resolvidas;nao_resolvidas;pct_resolvido;csat_medio;horas_consumidas
Cadastro/Onboarding;3668;346;3322;2815;507;84.7;3.85;1364.0
Prevencao a Fraude;2611;242;2369;2003;366;84.6;3.85;971.0
Cambio/Backoffice;2386;261;2125;1773;352;83.4;3.83;866.0
Suporte Tecnico;1743;158;1585;1325;260;83.6;3.8;646.0
Mesa de Limites;1704;192;1512;1284;228;84.9;3.81;623.0
Cartoes;1513;155;1358;1109;249;81.7;3.74;553.0
Investimentos;779;60;719;605;114;84.1;3.75;294.0
Backoffice;526;53;473;403;70;85.2;3.9;192.0
Atendimento PJ;118;14;104;92;12;88.5;3.8;43.0
